latitude,longitude,bright_ti4,scan,track,acq_date,acq_time,satellite,instrument,confidence,version,bright_ti5,frp,daynight
66.66279,80.46197,337.47,0.54,0.68,2026-06-01,9,N,VIIRS,n,2.0NRT,277.99,7.38,D
66.70774,80.45165,353.37,0.54,0.68,2026-06-01,9,N,VIIRS,n,2.0NRT,277.94,6.82,D
67.54952,83.21135,367,0.52,0.67,2026-06-01,9,N,VIIRS,h,2.0NRT,293.34,30.34,D
68.5238,79.96145,347.79,0.42,0.61,2026-06-01,9,N,VIIRS,n,2.0NRT,278.56,19.01,D
68.52713,79.956,367,0.42,0.61,2026-06-01,9,N,VIIRS,h,2.0NRT,291.08,19.01,D
66.1993,70.98544,335.82,0.41,0.61,2026-06-01,11,N,VIIRS,n,2.0NRT,281.96,3.06,D
66.25069,76.82322,341.75,0.51,0.66,2026-06-01,11,N,VIIRS,n,2.0NRT,278.98,5.53,D
51.56539,52.75513,296.55,0.66,0.73,2026-06-01,16,N,VIIRS,n,2.0NRT,269.37,0.87,N
51.59135,52.92011,300.34,0.67,0.74,2026-06-01,16,N,VIIRS,n,2.0NRT,264.59,2.39,N
51.60307,52.93204,356.19,0.67,0.74,2026-06-01,16,N,VIIRS,n,2.0NRT,265.43,6.55,N
51.60419,52.93339,351.88,0.67,0.74,2026-06-01,16,N,VIIRS,n,2.0NRT,265.51,9.08,N
51.60648,52.92339,301.65,0.67,0.74,2026-06-01,16,N,VIIRS,n,2.0NRT,264.08,6.55,N
51.60764,52.92477,300.55,0.67,0.74,2026-06-01,16,N,VIIRS,n,2.0NRT,264.61,7.7,N
51.8117,52.55289,312.31,0.64,0.72,2026-06-01,16,N,VIIRS,n,2.0NRT,271.52,1.8,N
51.86907,52.97799,305.29,0.66,0.73,2026-06-01,16,N,VIIRS,n,2.0NRT,275.4,0.98,N
52.0177,51.14589,304.72,0.56,0.69,2026-06-01,16,N,VIIRS,n,2.0NRT,276.34,1.38,N
52.02025,51.15218,307.86,0.56,0.69,2026-06-01,16,N,VIIRS,n,2.0NRT,276.43,1.04,N
52.55573,51.66736,296.1,0.56,0.69,2026-06-01,16,N,VIIRS,n,2.0NRT,275.08,0.96,N
52.55812,51.67363,295.1,0.56,0.69,2026-06-01,16,N,VIIRS,n,2.0NRT,275.21,0.73,N
52.80984,53.01358,306.59,0.61,0.71,2026-06-01,16,N,VIIRS,n,2.0NRT,276.08,1.34,N
52.87347,51.22914,301.98,0.52,0.67,2026-06-01,16,N,VIIRS,n,2.0NRT,273.81,0.8,N
52.87526,51.2301,308.79,0.52,0.67,2026-06-01,16,N,VIIRS,n,2.0NRT,273.59,1.59,N
52.92103,51.41618,295.96,0.53,0.67,2026-06-01,16,N,VIIRS,n,2.0NRT,271.84,0.73,N
52.92113,51.42063,300.01,0.53,0.67,2026-06-01,16,N,VIIRS,n,2.0NRT,271.98,1.62,N
52.92641,51.42168,302.39,0.53,0.67,2026-06-01,16,N,VIIRS,n,2.0NRT,273.54,1.01,N
53.18937,51.00325,304.85,0.5,0.66,2026-06-01,16,N,VIIRS,n,2.0NRT,276.88,1.5,N
53.19047,51.00062,310.5,0.5,0.66,2026-06-01,16,N,VIIRS,n,2.0NRT,277.05,1.6,N
53.29699,51.52386,301.14,0.52,0.67,2026-06-01,16,N,VIIRS,n,2.0NRT,269.39,1.04,N
53.31677,51.33128,302.48,0.51,0.66,2026-06-01,16,N,VIIRS,n,2.0NRT,262.74,1.56,N
53.31741,51.33116,316.21,0.51,0.66,2026-06-01,16,N,VIIRS,n,2.0NRT,262.49,2.07,N
53.32205,51.33676,324.68,0.51,0.66,2026-06-01,16,N,VIIRS,n,2.0NRT,263.28,1.56,N
53.32268,51.3367,323.64,0.51,0.66,2026-06-01,16,N,VIIRS,n,2.0NRT,263.02,2.23,N
53.32329,52.20079,296.48,0.54,0.68,2026-06-01,16,N,VIIRS,n,2.0NRT,272.97,0.31,N
54.13353,37.54516,300.7,0.48,0.4,2026-06-01,16,N,VIIRS,n,2.0NRT,275.61,1.31,N
54.1355,37.55449,321.58,0.48,0.4,2026-06-01,16,N,VIIRS,n,2.0NRT,277.49,4.89,N
54.13702,37.5474,328.12,0.48,0.4,2026-06-01,16,N,VIIRS,n,2.0NRT,279.4,9.91,N
54.15413,37.7267,298.93,0.48,0.4,2026-06-01,16,N,VIIRS,n,2.0NRT,282.21,1.16,N
54.15532,37.72734,298.2,0.48,0.4,2026-06-01,16,N,VIIRS,n,2.0NRT,282.36,1.32,N
54.21406,38.92422,312.17,0.52,0.42,2026-06-01,16,N,VIIRS,n,2.0NRT,283.01,2.11,N
54.24451,38.87249,295.01,0.52,0.42,2026-06-01,16,N,VIIRS,n,2.0NRT,278.86,0.63,N
54.24593,38.8754,300.16,0.52,0.42,2026-06-01,16,N,VIIRS,n,2.0NRT,280.12,0.8,N
54.43477,38.57405,307.46,0.51,0.41,2026-06-01,16,N,VIIRS,n,2.0NRT,277.86,1.43,N
54.43551,38.57507,304.94,0.51,0.41,2026-06-01,16,N,VIIRS,n,2.0NRT,277.47,2.76,N
54.43642,38.56672,320.35,0.51,0.41,2026-06-01,16,N,VIIRS,n,2.0NRT,277.86,2.96,N
54.43714,38.56771,327.52,0.51,0.41,2026-06-01,16,N,VIIRS,n,2.0NRT,278.56,2.76,N
54.43998,38.56913,304.03,0.51,0.41,2026-06-01,16,N,VIIRS,n,2.0NRT,276.91,0.77,N
55.06009,37.13309,300.47,0.45,0.39,2026-06-01,16,N,VIIRS,n,2.0NRT,277.97,1.11,N
55.0607,38.84051,301.55,0.5,0.41,2026-06-01,16,N,VIIRS,n,2.0NRT,279.89,1.1,N
55.06087,38.83867,303.45,0.5,0.41,2026-06-01,16,N,VIIRS,n,2.0NRT,280.27,2.3,N
55.06234,38.83311,299.62,0.5,0.41,2026-06-01,16,N,VIIRS,n,2.0NRT,280.58,1.4,N
55.06349,37.13527,316.28,0.45,0.39,2026-06-01,16,N,VIIRS,n,2.0NRT,277,2.01,N
55.42164,35.06301,307.65,0.4,0.37,2026-06-01,16,N,VIIRS,n,2.0NRT,271,1.34,N
55.42491,35.0649,309.92,0.4,0.37,2026-06-01,16,N,VIIRS,n,2.0NRT,268.3,0.91,N
57.70956,18.79879,300.1,0.59,0.53,2026-06-01,16,N,VIIRS,n,2.0NRT,280.7,1.37,N
57.70992,18.80509,305.22,0.59,0.53,2026-06-01,16,N,VIIRS,n,2.0NRT,282.42,2.19,N
58.67115,17.13256,299.66,0.35,0.57,2026-06-01,16,N,VIIRS,n,2.0NRT,282.3,0.89,N
58.68174,17.13359,311.55,0.35,0.57,2026-06-01,16,N,VIIRS,n,2.0NRT,283.32,0.8,N
59.13126,37.78884,341.99,0.41,0.37,2026-06-01,16,N,VIIRS,n,2.0NRT,280.84,13.31,N
59.13254,37.78207,308.29,0.41,0.37,2026-06-01,16,N,VIIRS,n,2.0NRT,272.1,11.18,N
59.13449,37.79116,298.73,0.41,0.37,2026-06-01,16,N,VIIRS,n,2.0NRT,271.55,13.31,N
59.13902,37.78672,298.34,0.41,0.37,2026-06-01,16,N,VIIRS,n,2.0NRT,271.84,0.4,N
59.14085,37.81123,314.5,0.41,0.37,2026-06-01,16,N,VIIRS,n,2.0NRT,273.2,0.98,N
59.14539,37.84525,297.38,0.41,0.37,2026-06-01,16,N,VIIRS,n,2.0NRT,274.45,1.24,N
59.14734,37.85437,302.34,0.41,0.37,2026-06-01,16,N,VIIRS,n,2.0NRT,274.01,1.57,N
59.14798,37.87025,328.14,0.41,0.37,2026-06-01,16,N,VIIRS,n,2.0NRT,273.46,3.49,N
59.14927,37.86348,313.5,0.41,0.37,2026-06-01,16,N,VIIRS,n,2.0NRT,270.77,3.14,N
59.14992,37.84082,306.65,0.41,0.37,2026-06-01,16,N,VIIRS,n,2.0NRT,274.92,1.24,N
59.52423,34.16426,303.3,0.38,0.36,2026-06-01,16,N,VIIRS,n,2.0NRT,281.2,1.16,N
59.53056,34.14639,299.39,0.38,0.36,2026-06-01,16,N,VIIRS,n,2.0NRT,280.96,0.73,N
60.13507,16.18675,296.2,0.38,0.59,2026-06-01,16,N,VIIRS,n,2.0NRT,280.57,0.96,N
44.99759,48.48388,337.95,0.79,0.78,2026-06-01,18,N,VIIRS,n,2.0NRT,282.92,5.72,N
45.00111,48.47451,299.67,0.79,0.78,2026-06-01,18,N,VIIRS,n,2.0NRT,282.43,5.46,N
46.77319,48.13876,308.84,0.67,0.73,2026-06-01,18,N,VIIRS,n,2.0NRT,279.6,1.34,N
47.86783,35.16157,319.8,0.54,0.42,2026-06-01,18,N,VIIRS,n,2.0NRT,282.34,3.48,N
47.87683,35.15833,296.7,0.54,0.42,2026-06-01,18,N,VIIRS,n,2.0NRT,279.61,0.55,N
47.87812,35.1898,299.35,0.54,0.42,2026-06-01,18,N,VIIRS,n,2.0NRT,280.35,0.79,N
47.87967,35.18283,304.33,0.54,0.42,2026-06-01,18,N,VIIRS,n,2.0NRT,279.37,0.79,N
48.24185,36.61039,325.52,0.4,0.44,2026-06-01,18,N,VIIRS,n,2.0NRT,277.59,2.82,N
48.45674,37.09669,295.14,0.41,0.45,2026-06-01,18,N,VIIRS,n,2.0NRT,275.62,0.85,N
48.4606,38.75518,295.33,0.48,0.48,2026-06-01,18,N,VIIRS,n,2.0NRT,277.9,1.05,N
48.46069,37.09885,299.48,0.41,0.45,2026-06-01,18,N,VIIRS,n,2.0NRT,276.07,0.83,N
48.46304,38.75604,301.32,0.48,0.48,2026-06-01,18,N,VIIRS,n,2.0NRT,279.44,1,N
48.46479,38.75766,304.08,0.48,0.48,2026-06-01,18,N,VIIRS,n,2.0NRT,279.66,1.05,N
48.46723,38.75851,302.31,0.48,0.48,2026-06-01,18,N,VIIRS,n,2.0NRT,279.7,1.39,N
48.47234,34.63258,306.8,0.5,0.41,2026-06-01,18,N,VIIRS,n,2.0NRT,281.98,1.36,N
48.4815,44.6489,295.2,0.42,0.61,2026-06-01,18,N,VIIRS,n,2.0NRT,279.3,0.45,N
48.51971,34.63431,306.73,0.5,0.41,2026-06-01,18,N,VIIRS,n,2.0NRT,279.62,0.77,N
48.51978,34.63481,306.11,0.5,0.41,2026-06-01,18,N,VIIRS,n,2.0NRT,279.57,0.93,N
48.52113,34.62774,299.97,0.5,0.41,2026-06-01,18,N,VIIRS,n,2.0NRT,281.46,1.16,N
48.52118,34.62822,300.4,0.5,0.41,2026-06-01,18,N,VIIRS,n,2.0NRT,281.68,0.93,N
48.53276,34.64789,304.21,0.5,0.41,2026-06-01,18,N,VIIRS,n,2.0NRT,282.09,1.98,N
48.53417,34.64135,313.77,0.5,0.41,2026-06-01,18,N,VIIRS,n,2.0NRT,283.3,1.98,N
48.53557,37.72746,303.07,0.44,0.46,2026-06-01,18,N,VIIRS,n,2.0NRT,275.9,1.01,N
50.14877,39.68844,295.02,0.47,0.48,2026-06-01,18,N,VIIRS,n,2.0NRT,277.35,1.96,N
50.3767,39.63542,297.19,0.46,0.47,2026-06-01,18,N,VIIRS,n,2.0NRT,276.58,0.87,N
50.40437,35.83823,313.68,0.5,0.41,2026-06-01,18,N,VIIRS,n,2.0NRT,276.13,2.12,N
50.54471,26.26048,303.86,0.42,0.38,2026-06-01,18,N,VIIRS,n,2.0NRT,282.58,1.06,N
51.00938,35.1684,303.07,0.47,0.4,2026-06-01,18,N,VIIRS,n,2.0NRT,275.08,0.87,N
51.13811,37.9285,309.38,0.38,0.43,2026-06-01,18,N,VIIRS,n,2.0NRT,270.11,2.73,N
51.14191,37.93073,350.91,0.38,0.43,2026-06-01,18,N,VIIRS,n,2.0NRT,274.29,9.6,N
51.33565,34.379,302.03,0.44,0.38,2026-06-01,18,N,VIIRS,n,2.0NRT,274.8,0.72,N
51.75595,33.79187,296.47,0.42,0.38,2026-06-01,18,N,VIIRS,n,2.0NRT,276.31,0.82,N
51.8368,32.00943,302.88,0.39,0.36,2026-06-01,18,N,VIIRS,n,2.0NRT,277.19,0.95,N
51.84717,34.28027,296.12,0.43,0.38,2026-06-01,18,N,VIIRS,n,2.0NRT,274.43,0.45,N
51.89222,29.34022,309.4,0.39,0.36,2026-06-01,18,N,VIIRS,n,2.0NRT,278.77,0.95,N
52.19344,34.04744,314.42,0.42,0.38,2026-06-01,18,N,VIIRS,n,2.0NRT,274.91,1.62,N
52.28217,33.034,318.17,0.4,0.37,2026-06-01,18,N,VIIRS,n,2.0NRT,275.95,1.56,N
52.52935,39.63783,297.04,0.41,0.45,2026-06-01,18,N,VIIRS,n,2.0NRT,281.02,1.09,N
52.53211,39.62651,302.5,0.41,0.45,2026-06-01,18,N,VIIRS,n,2.0NRT,279.15,0.96,N
52.5335,39.62082,297.09,0.41,0.45,2026-06-01,18,N,VIIRS,n,2.0NRT,278.68,1.05,N
52.5346,39.63475,304.66,0.41,0.45,2026-06-01,18,N,VIIRS,n,2.0NRT,279.84,4.73,N
52.53597,39.62909,350.23,0.41,0.45,2026-06-01,18,N,VIIRS,n,2.0NRT,284.82,4.73,N
52.53735,39.62342,295.04,0.41,0.45,2026-06-01,18,N,VIIRS,n,2.0NRT,279.39,2.47,N
52.53984,39.63164,311.78,0.41,0.45,2026-06-01,18,N,VIIRS,n,2.0NRT,280.39,4.73,N
52.54011,39.61209,310.21,0.41,0.45,2026-06-01,18,N,VIIRS,n,2.0NRT,281.23,1.26,N
52.5437,39.63418,298.72,0.41,0.45,2026-06-01,18,N,VIIRS,n,2.0NRT,281.33,1.09,N
52.54509,39.62848,296.05,0.41,0.45,2026-06-01,18,N,VIIRS,n,2.0NRT,282.3,1.56,N
52.54619,39.64242,308.47,0.41,0.45,2026-06-01,18,N,VIIRS,n,2.0NRT,280.26,1.09,N
52.54757,39.63672,309.18,0.41,0.45,2026-06-01,18,N,VIIRS,n,2.0NRT,280.95,1.09,N
52.54976,39.57234,321.08,0.4,0.45,2026-06-01,18,N,VIIRS,n,2.0NRT,279.9,1.26,N
52.55336,39.59439,296.53,0.4,0.45,2026-06-01,18,N,VIIRS,n,2.0NRT,279.14,0.73,N
52.55361,39.57491,305.82,0.4,0.45,2026-06-01,18,N,VIIRS,n,2.0NRT,278.62,1.26,N
52.55695,39.61652,339,0.41,0.45,2026-06-01,18,N,VIIRS,n,2.0NRT,284.7,2.79,N
52.55722,39.59694,296.29,0.4,0.45,2026-06-01,18,N,VIIRS,n,2.0NRT,280.37,0.73,N
52.55746,39.57749,328.02,0.4,0.45,2026-06-01,18,N,VIIRS,n,2.0NRT,279.14,4.43,N
52.55833,39.61084,302.33,0.4,0.45,2026-06-01,18,N,VIIRS,n,2.0NRT,279.73,2.02,N
52.55859,39.59129,300.21,0.4,0.45,2026-06-01,18,N,VIIRS,n,2.0NRT,279.56,0.73,N
52.55882,39.5719,337,0.4,0.44,2026-06-01,18,N,VIIRS,n,2.0NRT,282.74,6.66,N
52.55944,39.62475,297.42,0.41,0.45,2026-06-01,18,N,VIIRS,n,2.0NRT,280.77,2.79,N
52.55971,39.60516,315.6,0.4,0.45,2026-06-01,18,N,VIIRS,n,2.0NRT,279.51,2.02,N
52.56224,39.70588,311.49,0.41,0.45,2026-06-01,18,N,VIIRS,n,2.0NRT,279.24,1.29,N
52.56362,39.70018,308.74,0.41,0.45,2026-06-01,18,N,VIIRS,n,2.0NRT,279.92,1.29,N
52.56382,39.70694,312.21,0.41,0.45,2026-06-01,18,N,VIIRS,n,2.0NRT,279.84,1.1,N
52.56522,39.70126,312.94,0.41,0.45,2026-06-01,18,N,VIIRS,n,2.0NRT,279.73,2.99,N
52.80564,32.22448,316.73,0.39,0.36,2026-06-01,18,N,VIIRS,n,2.0NRT,280.45,1.98,N
52.84658,29.99269,323.91,0.39,0.36,2026-06-01,18,N,VIIRS,n,2.0NRT,280.33,1.52,N
52.84744,29.98705,297.24,0.39,0.36,2026-06-01,18,N,VIIRS,n,2.0NRT,279.14,1.52,N
52.8531,29.99542,305.08,0.39,0.36,2026-06-01,18,N,VIIRS,n,2.0NRT,282.07,0.92,N
53.13272,8.69044,300.02,0.71,0.75,2026-06-01,18,N,VIIRS,n,2.0NRT,272.53,1.84,N
53.28061,36.53047,306.06,0.47,0.39,2026-06-01,18,N,VIIRS,n,2.0NRT,277.81,1.25,N
53.28098,36.53156,307.34,0.47,0.39,2026-06-01,18,N,VIIRS,n,2.0NRT,278.15,1.52,N
53.44323,34.42085,314.24,0.41,0.37,2026-06-01,18,N,VIIRS,n,2.0NRT,282.65,1.36,N
53.52302,9.90022,332.46,0.63,0.72,2026-06-01,18,N,VIIRS,n,2.0NRT,277.73,3.81,N
53.58534,31.95309,296.21,0.39,0.36,2026-06-01,18,N,VIIRS,n,2.0NRT,277.2,0.52,N
41.63432,27.5081,298.79,0.39,0.36,2026-06-01,20,N,VIIRS,n,2.0NRT,285.93,0.9,N
41.79718,26.7024,304.42,0.39,0.36,2026-06-01,20,N,VIIRS,n,2.0NRT,286.7,0.84,N
42.7155,24.16905,321.81,0.41,0.37,2026-06-01,20,N,VIIRS,n,2.0NRT,282.34,2.69,N
43.07724,45.75611,297.68,0.7,0.75,2026-06-01,20,N,VIIRS,n,2.0NRT,280.39,1.29,N
43.43057,45.45616,303.3,0.66,0.73,2026-06-01,20,N,VIIRS,n,2.0NRT,279.24,1.59,N
43.43116,45.4509,308.28,0.66,0.73,2026-06-01,20,N,VIIRS,n,2.0NRT,278.84,2.46,N
43.43329,45.44839,311.46,0.66,0.73,2026-06-01,20,N,VIIRS,n,2.0NRT,279.46,2.55,N
44.8322,20.69328,315.77,0.56,0.43,2026-06-01,20,N,VIIRS,n,2.0NRT,286.09,2.33,N
45.25605,31.67271,302.76,0.45,0.39,2026-06-01,20,N,VIIRS,n,2.0NRT,271.62,1.23,N
45.25954,31.6741,319.78,0.45,0.39,2026-06-01,20,N,VIIRS,n,2.0NRT,270.56,1.73,N
47.8433,33.38699,308.17,0.47,0.4,2026-06-01,20,N,VIIRS,n,2.0NRT,281.2,1.82,N
47.87114,33.43945,302.45,0.47,0.4,2026-06-01,20,N,VIIRS,n,2.0NRT,280.37,1.53,N
47.87552,33.41494,300.94,0.47,0.4,2026-06-01,20,N,VIIRS,n,2.0NRT,282.63,1.36,N
47.87609,33.41507,299.8,0.47,0.4,2026-06-01,20,N,VIIRS,n,2.0NRT,282.58,1.91,N
47.87678,33.40885,295.93,0.47,0.4,2026-06-01,20,N,VIIRS,n,2.0NRT,280.28,0.93,N
31.91526,34.89646,307.7,0.42,0.61,2026-06-01,22,N,VIIRS,n,2.0NRT,289.59,1,N
33.71535,37.01133,300.13,0.49,0.65,2026-06-01,22,N,VIIRS,n,2.0NRT,286.1,1.23,N
33.71933,37.01194,302.93,0.49,0.65,2026-06-01,22,N,VIIRS,n,2.0NRT,287.41,1.13,N
34.25679,41.2142,297.38,0.79,0.78,2026-06-01,22,N,VIIRS,n,2.0NRT,286.25,1.34,N
34.26005,41.21225,298.34,0.79,0.78,2026-06-01,22,N,VIIRS,n,2.0NRT,286.47,0.96,N
34.71176,36.63422,304.44,0.44,0.62,2026-06-01,22,N,VIIRS,n,2.0NRT,286.25,0.98,N
34.71572,36.6396,310,0.44,0.63,2026-06-01,22,N,VIIRS,n,2.0NRT,287.28,1.46,N
34.717,36.63484,297,0.44,0.62,2026-06-01,22,N,VIIRS,n,2.0NRT,286.98,1.43,N
34.71732,36.63644,308.91,0.44,0.62,2026-06-01,22,N,VIIRS,n,2.0NRT,287.28,1.34,N
34.90637,40.82346,301.68,0.72,0.76,2026-06-01,22,N,VIIRS,n,2.0NRT,285.8,1.44,N
34.90771,40.82699,319.25,0.72,0.76,2026-06-01,22,N,VIIRS,n,2.0NRT,286,1.99,N
34.91302,40.82654,315.3,0.72,0.76,2026-06-01,22,N,VIIRS,n,2.0NRT,286.06,1.44,N
34.91501,37.94347,305.58,0.51,0.66,2026-06-01,22,N,VIIRS,n,2.0NRT,283.32,0.89,N
34.9155,37.94378,302.26,0.51,0.66,2026-06-01,22,N,VIIRS,n,2.0NRT,283.34,0.7,N
35.30302,40.4422,300.19,0.67,0.74,2026-06-01,22,N,VIIRS,n,2.0NRT,286.03,1.49,N
35.30311,40.44361,305.62,0.67,0.74,2026-06-01,22,N,VIIRS,n,2.0NRT,286.26,1.4,N
36.13224,40.81315,301.06,0.67,0.73,2026-06-01,22,N,VIIRS,n,2.0NRT,284.72,0.77,N
36.26047,33.72868,301.55,0.57,0.52,2026-06-01,22,N,VIIRS,n,2.0NRT,288.38,1.79,N
36.69474,36.20562,305.84,0.37,0.58,2026-06-01,22,N,VIIRS,n,2.0NRT,290.75,1.35,N
36.71613,36.19828,300.85,0.37,0.58,2026-06-01,22,N,VIIRS,n,2.0NRT,289.81,0.69,N
36.71863,36.202,302.6,0.37,0.58,2026-06-01,22,N,VIIRS,n,2.0NRT,289.34,0.65,N
36.72793,36.2103,312.69,0.37,0.58,2026-06-01,22,N,VIIRS,n,2.0NRT,290.15,0.84,N
36.7295,36.21272,300.09,0.37,0.58,2026-06-01,22,N,VIIRS,n,2.0NRT,289.56,0.99,N
36.73056,36.20875,309.18,0.37,0.58,2026-06-01,22,N,VIIRS,n,2.0NRT,290.99,0.99,N
36.73682,36.20681,301.61,0.37,0.58,2026-06-01,22,N,VIIRS,n,2.0NRT,291.16,1.09,N
36.74416,36.20082,302.63,0.37,0.58,2026-06-01,22,N,VIIRS,n,2.0NRT,289.49,0.89,N
36.74933,36.20295,312.52,0.37,0.58,2026-06-01,22,N,VIIRS,n,2.0NRT,290.22,0.89,N
36.76019,7.30897,298.24,0.76,0.77,2026-06-01,22,N,VIIRS,n,2.0NRT,285.69,1.66,N
36.76049,7.30395,303.92,0.77,0.77,2026-06-01,22,N,VIIRS,n,2.0NRT,285.88,1.19,N
36.86809,34.76023,301.17,0.62,0.54,2026-06-01,22,N,VIIRS,n,2.0NRT,289.13,1.53,N
36.91839,41.89492,296.2,0.72,0.75,2026-06-01,22,N,VIIRS,n,2.0NRT,282.95,0.63,N
36.93369,42.12803,304.88,0.73,0.76,2026-06-01,22,N,VIIRS,n,2.0NRT,285.98,1.57,N
36.93627,42.12009,302.27,0.73,0.76,2026-06-01,22,N,VIIRS,n,2.0NRT,286.01,3.26,N
36.94037,42.13128,305.79,0.73,0.76,2026-06-01,22,N,VIIRS,n,2.0NRT,285.63,1.57,N
36.94292,42.17109,306.22,0.74,0.76,2026-06-01,22,N,VIIRS,n,2.0NRT,284.72,0.85,N
36.94696,42.13476,305.27,0.73,0.76,2026-06-01,22,N,VIIRS,n,2.0NRT,283.88,1.58,N
36.9496,42.12663,307.75,0.73,0.76,2026-06-01,22,N,VIIRS,n,2.0NRT,285.78,2.48,N
36.96479,42.07971,298.86,0.73,0.76,2026-06-01,22,N,VIIRS,n,2.0NRT,283.76,0.58,N
37.25338,30.44268,303.19,0.55,0.43,2026-06-01,22,N,VIIRS,n,2.0NRT,286.04,1.4,N
37.29245,37.15761,302.71,0.4,0.6,2026-06-01,22,N,VIIRS,n,2.0NRT,287.48,0.97,N
37.35048,37.16315,306.01,0.4,0.6,2026-06-01,22,N,VIIRS,n,2.0NRT,288.15,0.93,N
37.6952,28.14736,299.33,0.44,0.38,2026-06-01,22,N,VIIRS,n,2.0NRT,284.17,0.46,N
37.69568,38.08547,297.16,0.44,0.62,2026-06-01,22,N,VIIRS,n,2.0NRT,285.89,0.57,N
37.86001,29.37439,301.09,0.49,0.4,2026-06-01,22,N,VIIRS,n,2.0NRT,285.16,1.14,N
37.86245,29.37019,300.7,0.49,0.4,2026-06-01,22,N,VIIRS,n,2.0NRT,286.88,0.84,N
37.89079,12.50274,298.97,0.41,0.6,2026-06-01,22,N,VIIRS,n,2.0NRT,286.79,0.31,N
37.91761,23.07161,305.17,0.4,0.37,2026-06-01,22,N,VIIRS,n,2.0NRT,293,1.45,N
37.93853,32.53197,296.63,0.45,0.47,2026-06-01,22,N,VIIRS,n,2.0NRT,284.92,0.37,N
38.03396,23.59421,303.42,0.39,0.36,2026-06-01,22,N,VIIRS,n,2.0NRT,291.12,0.63,N
38.12889,23.52242,299.37,0.39,0.36,2026-06-01,22,N,VIIRS,n,2.0NRT,289.14,0.99,N
38.42456,27.21672,300.91,0.41,0.37,2026-06-01,22,N,VIIRS,n,2.0NRT,288.14,0.71,N
38.42791,27.21779,307.33,0.41,0.37,2026-06-01,22,N,VIIRS,n,2.0NRT,290.31,0.92,N
38.45504,27.26441,306.03,0.41,0.37,2026-06-01,22,N,VIIRS,n,2.0NRT,290.86,0.65,N
38.65927,30.61567,297.65,0.53,0.42,2026-06-01,22,N,VIIRS,n,2.0NRT,283.3,0.76,N
38.73684,26.94507,336.26,0.4,0.37,2026-06-01,22,N,VIIRS,n,2.0NRT,293.96,2.71,N
38.73922,26.93139,317.13,0.4,0.37,2026-06-01,22,N,VIIRS,n,2.0NRT,291.99,1.98,N
38.74018,26.94602,301.56,0.4,0.37,2026-06-01,22,N,VIIRS,n,2.0NRT,290.69,2.71,N
38.74114,26.96068,301.51,0.4,0.37,2026-06-01,22,N,VIIRS,n,2.0NRT,288.75,0.63,N
38.74273,26.95156,317.24,0.4,0.37,2026-06-01,22,N,VIIRS,n,2.0NRT,291.46,1.72,N
38.74353,26.94698,316.13,0.4,0.37,2026-06-01,22,N,VIIRS,n,2.0NRT,291.41,1.72,N
38.75018,26.95085,302.36,0.4,0.37,2026-06-01,22,N,VIIRS,n,2.0NRT,289.41,0.86,N
38.75259,26.93716,307.06,0.4,0.37,2026-06-01,22,N,VIIRS,n,2.0NRT,289.74,0.94,N
39.09104,27.51368,305.81,0.41,0.37,2026-06-01,22,N,VIIRS,n,2.0NRT,287.04,0.87,N
39.09188,27.50897,297.61,0.41,0.37,2026-06-01,22,N,VIIRS,n,2.0NRT,286.12,0.87,N
39.11377,27.52537,298.2,0.41,0.37,2026-06-01,22,N,VIIRS,n,2.0NRT,285.77,0.45,N
39.1826,27.4973,296.23,0.41,0.37,2026-06-01,22,N,VIIRS,n,2.0NRT,285.38,0.66,N
39.48521,30.03856,299.39,0.49,0.4,2026-06-01,22,N,VIIRS,n,2.0NRT,282.19,1.04,N
39.48627,30.04065,302.53,0.49,0.4,2026-06-01,22,N,VIIRS,n,2.0NRT,283.47,1.29,N
39.60876,27.87836,300.69,0.41,0.37,2026-06-01,22,N,VIIRS,n,2.0NRT,286.1,0.8,N
39.86477,26.24238,321.57,0.39,0.36,2026-06-01,22,N,VIIRS,n,2.0NRT,290.7,1.17,N
39.86805,26.2433,301.96,0.39,0.36,2026-06-01,22,N,VIIRS,n,2.0NRT,288.78,1.17,N
39.95294,18.23702,298.51,0.42,0.45,2026-06-01,22,N,VIIRS,n,2.0NRT,286.67,0.85,N
39.98799,18.27297,305.78,0.42,0.45,2026-06-01,22,N,VIIRS,n,2.0NRT,285.96,0.65,N
39.98846,18.26795,296.85,0.42,0.45,2026-06-01,22,N,VIIRS,n,2.0NRT,285.91,0.68,N
40.01526,18.21163,308.37,0.42,0.46,2026-06-01,22,N,VIIRS,n,2.0NRT,285.87,1.36,N
40.01948,18.2123,300.36,0.42,0.46,2026-06-01,22,N,VIIRS,n,2.0NRT,286.96,0.55,N
40.01997,18.20722,297.62,0.43,0.46,2026-06-01,22,N,VIIRS,n,2.0NRT,285.62,0.55,N
40.02259,18.26845,323.18,0.42,0.45,2026-06-01,22,N,VIIRS,n,2.0NRT,284.99,2.71,N
40.02268,18.26508,343.61,0.42,0.45,2026-06-01,22,N,VIIRS,n,2.0NRT,287.04,5.97,N
40.02308,18.26346,333.46,0.42,0.45,2026-06-01,22,N,VIIRS,n,2.0NRT,285.98,4.1,N
40.18503,29.22508,297.85,0.44,0.39,2026-06-01,22,N,VIIRS,n,2.0NRT,286.12,0.6,N
40.23484,18.27481,297.68,0.42,0.46,2026-06-01,22,N,VIIRS,n,2.0NRT,286.71,0.57,N
40.26162,30.04421,296.59,0.47,0.4,2026-06-01,22,N,VIIRS,n,2.0NRT,286.54,0.67,N
40.30611,18.05477,296.45,0.44,0.46,2026-06-01,22,N,VIIRS,n,2.0NRT,284.69,0.54,N
40.44484,27.13966,302.88,0.39,0.36,2026-06-01,22,N,VIIRS,n,2.0NRT,289.95,1.06,N
40.44562,27.13509,318.6,0.39,0.36,2026-06-01,22,N,VIIRS,n,2.0NRT,289.01,1.69,N
40.44641,27.13048,311.47,0.39,0.36,2026-06-01,22,N,VIIRS,n,2.0NRT,288.82,1.69,N
40.47182,17.94531,296.88,0.44,0.46,2026-06-01,22,N,VIIRS,n,2.0NRT,285.47,0.38,N
40.51774,17.20961,301.8,0.48,0.48,2026-06-01,22,N,VIIRS,n,2.0NRT,290.23,1.98,N
40.62992,17.99761,300.02,0.44,0.46,2026-06-01,22,N,VIIRS,n,2.0NRT,287,0.74,N
41.71132,21.50667,298.03,0.48,0.4,2026-06-01,22,N,VIIRS,n,2.0NRT,281.75,0.42,N
42.00657,12.71492,302.2,0.43,0.62,2026-06-01,22,N,VIIRS,n,2.0NRT,288.24,0.66,N
42.07274,21.73492,326.52,0.47,0.4,2026-06-01,22,N,VIIRS,n,2.0NRT,286.96,3.69,N
26.25286,32.96946,305.04,0.44,0.62,2026-06-01,24,N,VIIRS,n,2.0NRT,292.59,0.99,N
26.25307,32.97132,309.86,0.44,0.62,2026-06-01,24,N,VIIRS,n,2.0NRT,293.36,0.66,N
27.16664,31.01447,307.27,0.32,0.54,2026-06-01,24,N,VIIRS,n,2.0NRT,292.7,2.19,N
27.1677,31.01478,317.44,0.32,0.54,2026-06-01,24,N,VIIRS,n,2.0NRT,294.6,2.21,N
27.16841,31.0116,312.16,0.32,0.54,2026-06-01,24,N,VIIRS,n,2.0NRT,293.7,4.45,N
27.17155,31.01594,307.39,0.32,0.54,2026-06-01,24,N,VIIRS,n,2.0NRT,294.28,2.45,N
28.69515,22.37509,331.32,0.38,0.36,2026-06-01,24,N,VIIRS,n,2.0NRT,283.6,1.73,N
28.69846,22.37577,297.91,0.38,0.36,2026-06-01,24,N,VIIRS,n,2.0NRT,282.64,1.73,N
28.78383,22.45778,301.48,0.38,0.36,2026-06-01,24,N,VIIRS,n,2.0NRT,285.71,0.4,N
28.81911,22.25858,320.95,0.38,0.36,2026-06-01,24,N,VIIRS,n,2.0NRT,280.13,1.43,N
28.82915,21.32048,300.19,0.39,0.36,2026-06-01,24,N,VIIRS,n,2.0NRT,258.28,0.75,N
28.83426,22.12012,297.83,0.38,0.36,2026-06-01,24,N,VIIRS,n,2.0NRT,271.27,0.54,N
28.83757,22.12079,295.32,0.38,0.36,2026-06-01,24,N,VIIRS,n,2.0NRT,266.98,0.56,N
28.86965,33.1769,302.11,0.39,0.59,2026-06-01,24,N,VIIRS,n,2.0NRT,290.5,0.42,N
28.90761,19.77382,344.79,0.42,0.38,2026-06-01,24,N,VIIRS,n,2.0NRT,249.65,6.79,N
28.90887,19.77584,345.28,0.42,0.38,2026-06-01,24,N,VIIRS,n,2.0NRT,251.17,10.47,N
28.90948,19.77157,338.46,0.42,0.38,2026-06-01,24,N,VIIRS,n,2.0NRT,252.98,10.47,N
28.91106,19.77443,340.19,0.42,0.38,2026-06-01,24,N,VIIRS,n,2.0NRT,244.16,6.79,N
29.01683,31.20326,322.89,0.6,0.53,2026-06-01,24,N,VIIRS,n,2.0NRT,295.31,2.35,N
29.02161,31.20467,308.73,0.6,0.53,2026-06-01,24,N,VIIRS,n,2.0NRT,293.57,2.35,N
29.23004,19.69622,338.86,0.42,0.38,2026-06-01,24,N,VIIRS,n,2.0NRT,271.48,12.08,N
29.23352,19.69685,304.36,0.42,0.38,2026-06-01,24,N,VIIRS,n,2.0NRT,268.78,0.93,N
29.63984,32.27621,303.14,0.33,0.56,2026-06-01,24,N,VIIRS,n,2.0NRT,291.72,0.58,N
29.64484,32.27781,307.28,0.33,0.56,2026-06-01,24,N,VIIRS,n,2.0NRT,291.79,0.73,N
29.6472,32.24543,302.13,0.33,0.55,2026-06-01,24,N,VIIRS,n,2.0NRT,291.98,0.6,N
29.67041,6.72036,309.14,0.75,0.77,2026-06-01,24,N,VIIRS,n,2.0NRT,291.06,2.37,N
29.67228,6.71839,303.46,0.75,0.77,2026-06-01,24,N,VIIRS,n,2.0NRT,290.38,1.83,N
29.68592,6.69671,301.72,0.75,0.77,2026-06-01,24,N,VIIRS,n,2.0NRT,290.36,1.48,N
29.68766,6.69477,306.07,0.75,0.77,2026-06-01,24,N,VIIRS,n,2.0NRT,290.17,1.44,N
29.68843,32.32109,305.9,0.33,0.56,2026-06-01,24,N,VIIRS,n,2.0NRT,291.13,1.19,N
29.68925,32.31765,314.04,0.33,0.56,2026-06-01,24,N,VIIRS,n,2.0NRT,292.2,1.19,N
29.69345,32.32266,315.92,0.33,0.56,2026-06-01,24,N,VIIRS,n,2.0NRT,293.21,1.19,N
29.69427,32.31921,316.14,0.33,0.56,2026-06-01,24,N,VIIRS,n,2.0NRT,292.51,1.19,N
29.69457,6.70334,309.71,0.75,0.77,2026-06-01,24,N,VIIRS,n,2.0NRT,290.73,2.13,N
29.69489,6.69519,313.8,0.75,0.77,2026-06-01,24,N,VIIRS,n,2.0NRT,290.8,3.84,N
29.69507,32.31579,303.69,0.33,0.56,2026-06-01,24,N,VIIRS,n,2.0NRT,292.28,1.66,N
29.70147,6.71192,310.44,0.75,0.77,2026-06-01,24,N,VIIRS,n,2.0NRT,290.76,2.13,N
29.7018,6.70375,307.31,0.75,0.77,2026-06-01,24,N,VIIRS,n,2.0NRT,290.69,2.13,N
29.74881,32.21254,304.84,0.33,0.55,2026-06-01,24,N,VIIRS,n,2.0NRT,291.56,0.68,N
29.7492,31.32011,301.06,0.58,0.52,2026-06-01,24,N,VIIRS,n,2.0NRT,290.74,1.17,N
29.76954,32.21537,304.81,0.33,0.55,2026-06-01,24,N,VIIRS,n,2.0NRT,290.24,1.05,N
29.80476,32.0896,318.48,0.32,0.55,2026-06-01,24,N,VIIRS,n,2.0NRT,293.54,1.51,N
29.80555,32.08627,308.53,0.32,0.55,2026-06-01,24,N,VIIRS,n,2.0NRT,292.26,1.51,N
29.82226,31.31049,307.38,0.58,0.52,2026-06-01,24,N,VIIRS,n,2.0NRT,292.31,1.46,N
29.8234,17.28848,302.04,0.54,0.42,2026-06-01,24,N,VIIRS,n,2.0NRT,285.28,1.57,N
29.95228,32.50764,314.47,0.34,0.56,2026-06-01,24,N,VIIRS,n,2.0NRT,291.63,0.96,N
29.97583,28.27284,311.53,0.39,0.44,2026-06-01,24,N,VIIRS,n,2.0NRT,278.32,1.38,N
30.35489,35.18096,301.8,0.47,0.64,2026-06-01,24,N,VIIRS,n,2.0NRT,287.23,1,N
30.36989,27.23242,321.62,0.51,0.41,2026-06-01,24,N,VIIRS,n,2.0NRT,288.3,2.22,N
30.37343,7.00858,312.28,0.73,0.76,2026-06-01,24,N,VIIRS,n,2.0NRT,290.11,1.62,N
30.37626,7.00522,309.89,0.73,0.76,2026-06-01,24,N,VIIRS,n,2.0NRT,289.76,2.04,N
30.38064,30.56459,303.68,0.51,0.5,2026-06-01,24,N,VIIRS,n,2.0NRT,289.46,1.43,N
30.39956,6.54081,303.79,0.78,0.78,2026-06-01,24,N,VIIRS,n,2.0NRT,289.5,1.43,N
30.39982,6.5366,309.42,0.78,0.78,2026-06-01,24,N,VIIRS,n,2.0NRT,289.58,1.49,N
30.40824,19.59807,308.34,0.44,0.38,2026-06-01,24,N,VIIRS,n,2.0NRT,289.5,0.7,N
30.41071,19.57988,305.55,0.44,0.38,2026-06-01,24,N,VIIRS,n,2.0NRT,290.2,0.49,N
30.41176,19.5987,305.26,0.44,0.38,2026-06-01,24,N,VIIRS,n,2.0NRT,290.43,0.97,N
30.53774,28.49428,302.36,0.39,0.44,2026-06-01,24,N,VIIRS,n,2.0NRT,288.65,1.33,N
30.70044,27.72156,302.65,0.53,0.42,2026-06-01,24,N,VIIRS,n,2.0NRT,288.5,0.43,N
30.70258,33.85337,318.65,0.39,0.59,2026-06-01,24,N,VIIRS,n,2.0NRT,291.48,2.36,N
30.7036,33.84931,320.6,0.39,0.59,2026-06-01,24,N,VIIRS,n,2.0NRT,290.92,3.13,N
30.72226,33.77488,313.2,0.38,0.59,2026-06-01,24,N,VIIRS,n,2.0NRT,290.84,0.81,N
30.72757,33.77667,301.45,0.38,0.59,2026-06-01,24,N,VIIRS,n,2.0NRT,288.7,0.81,N
30.7579,27.46824,298.91,0.52,0.41,2026-06-01,24,N,VIIRS,n,2.0NRT,287.54,0.5,N
30.76186,27.1051,312.57,0.5,0.41,2026-06-01,24,N,VIIRS,n,2.0NRT,288.76,1.12,N
30.76926,27.10701,300.93,0.5,0.41,2026-06-01,24,N,VIIRS,n,2.0NRT,288.5,0.67,N
30.81434,31.19034,306.04,0.54,0.51,2026-06-01,24,N,VIIRS,n,2.0NRT,287.61,1.18,N
30.82345,28.9261,302.37,0.41,0.45,2026-06-01,24,N,VIIRS,n,2.0NRT,287.99,0.62,N
30.86137,27.59978,305.8,0.52,0.42,2026-06-01,24,N,VIIRS,n,2.0NRT,287.19,0.99,N
30.86329,27.60164,320.78,0.52,0.42,2026-06-01,24,N,VIIRS,n,2.0NRT,287.97,1.57,N
30.88108,29.46167,307.85,0.43,0.46,2026-06-01,24,N,VIIRS,n,2.0NRT,290.83,1.61,N
30.9555,20.11723,305.82,0.42,0.38,2026-06-01,24,N,VIIRS,n,2.0NRT,290.32,0.52,N
30.99225,29.84411,300.38,0.45,0.47,2026-06-01,24,N,VIIRS,n,2.0NRT,290.2,0.77,N
31.00262,10.05965,319.47,0.49,0.65,2026-06-01,24,N,VIIRS,n,2.0NRT,282.82,3.8,N
31.02596,29.75,303.49,0.45,0.47,2026-06-01,24,N,VIIRS,n,2.0NRT,290.3,1.75,N
31.12221,29.81469,325.97,0.45,0.47,2026-06-01,24,N,VIIRS,n,2.0NRT,290.91,1.57,N
31.31819,11.80216,346.62,0.39,0.59,2026-06-01,24,N,VIIRS,n,2.0NRT,288.95,4.17,N
31.35206,30.31696,310,0.47,0.48,2026-06-01,24,N,VIIRS,n,2.0NRT,288.76,1.15,N
31.38763,10.60188,299.1,0.46,0.63,2026-06-01,24,N,VIIRS,n,2.0NRT,287.29,0.67,N
31.39293,6.93953,301.27,0.75,0.77,2026-06-01,24,N,VIIRS,n,2.0NRT,289.42,0.86,N
31.39323,6.93123,301.91,0.75,0.77,2026-06-01,24,N,VIIRS,n,2.0NRT,289.52,0.86,N
31.39463,6.93557,304.39,0.75,0.77,2026-06-01,24,N,VIIRS,n,2.0NRT,289.48,3.04,N
31.39489,6.92726,325.73,0.75,0.77,2026-06-01,24,N,VIIRS,n,2.0NRT,289.95,4.82,N
31.39864,8.31977,330.48,0.62,0.72,2026-06-01,24,N,VIIRS,n,2.0NRT,284.85,3.99,N
31.40044,6.93169,300.72,0.75,0.77,2026-06-01,24,N,VIIRS,n,2.0NRT,289.63,0.86,N
31.69256,35.21066,303.43,0.44,0.62,2026-06-01,24,N,VIIRS,n,2.0NRT,286.34,0.6,N
31.92794,15.04655,299.94,0.51,0.49,2026-06-01,24,N,VIIRS,n,2.0NRT,289.89,1.02,N
31.95807,11.14142,300.67,0.43,0.62,2026-06-01,24,N,VIIRS,n,2.0NRT,288.58,0.85,N
32.0068,20.12993,302.36,0.43,0.38,2026-06-01,24,N,VIIRS,n,2.0NRT,291.11,0.63,N
32.05661,23.98156,313.65,0.39,0.36,2026-06-01,24,N,VIIRS,n,2.0NRT,290.14,0.56,N
32.05865,23.98047,310.56,0.39,0.36,2026-06-01,24,N,VIIRS,n,2.0NRT,290.82,0.55,N
32.20038,20.13246,318.27,0.43,0.38,2026-06-01,24,N,VIIRS,n,2.0NRT,291.52,1.28,N
32.20097,20.13061,322.23,0.43,0.38,2026-06-01,24,N,VIIRS,n,2.0NRT,291.48,1.43,N
32.20389,20.13311,305.81,0.43,0.38,2026-06-01,24,N,VIIRS,n,2.0NRT,291.16,1.28,N
32.20448,20.13126,306.9,0.43,0.38,2026-06-01,24,N,VIIRS,n,2.0NRT,291.63,1.43,N
32.32655,15.22161,310.55,0.5,0.49,2026-06-01,24,N,VIIRS,n,2.0NRT,290.12,1.85,N
32.32674,15.22095,311.94,0.5,0.49,2026-06-01,24,N,VIIRS,n,2.0NRT,290.13,1.1,N
32.32914,15.24392,306.11,0.5,0.49,2026-06-01,24,N,VIIRS,n,2.0NRT,288.72,0.66,N
32.32919,15.2432,309.18,0.5,0.49,2026-06-01,24,N,VIIRS,n,2.0NRT,288.38,1.08,N
32.33374,15.24378,309.18,0.5,0.49,2026-06-01,24,N,VIIRS,n,2.0NRT,290.45,1.08,N
32.35439,6.97554,331.92,0.75,0.77,2026-06-01,24,N,VIIRS,n,2.0NRT,288.04,6.01,N
32.35628,6.97335,333.16,0.76,0.77,2026-06-01,24,N,VIIRS,n,2.0NRT,288.5,4.4,N
32.44588,6.62637,300.61,0.79,0.78,2026-06-01,24,N,VIIRS,n,2.0NRT,287.52,1.48,N
32.51734,6.70957,302.59,0.78,0.78,2026-06-01,24,N,VIIRS,n,2.0NRT,287.86,0.91,N
32.52134,14.3248,300.26,0.57,0.52,2026-06-01,24,N,VIIRS,n,2.0NRT,288.8,1.15,N
32.61646,22.7268,308.23,0.39,0.36,2026-06-01,24,N,VIIRS,n,2.0NRT,291.04,1.48,N
32.62564,14.32596,304.49,0.57,0.52,2026-06-01,24,N,VIIRS,n,2.0NRT,288.97,1.22,N
32.77884,13.09737,300.32,0.34,0.56,2026-06-01,24,N,VIIRS,n,2.0NRT,289.18,0.6,N
32.78878,12.67342,301.81,0.36,0.57,2026-06-01,24,N,VIIRS,n,2.0NRT,288.4,0.47,N
32.78907,12.66944,303.01,0.36,0.57,2026-06-01,24,N,VIIRS,n,2.0NRT,288.97,0.47,N
32.79245,12.69722,319.18,0.36,0.57,2026-06-01,24,N,VIIRS,n,2.0NRT,289.1,0.83,N
32.79274,12.69332,299.63,0.36,0.57,2026-06-01,24,N,VIIRS,n,2.0NRT,288.41,0.83,N
32.82016,12.97012,311.28,0.34,0.56,2026-06-01,24,N,VIIRS,n,2.0NRT,289.06,0.89,N
33.36395,8.54643,328.88,0.62,0.72,2026-06-01,24,N,VIIRS,n,2.0NRT,287.61,2.98,N
33.85778,12.05394,324.52,0.4,0.6,2026-06-01,24,N,VIIRS,n,2.0NRT,289.56,2.07,N
33.85971,12.05735,319.16,0.4,0.6,2026-06-01,24,N,VIIRS,n,2.0NRT,289.57,1.63,N
33.86001,12.05295,318.94,0.4,0.6,2026-06-01,24,N,VIIRS,n,2.0NRT,289.43,1.63,N
26.03179,11.97539,332.28,0.33,0.56,2026-06-01,26,N,VIIRS,n,2.0NRT,292.43,2.16,N
26.43486,11.84933,321.03,0.34,0.56,2026-06-01,26,N,VIIRS,n,2.0NRT,293.09,0.94,N
26.56552,12.67563,303.02,0.61,0.54,2026-06-01,26,N,VIIRS,n,2.0NRT,292.91,0.57,N
26.57732,12.21105,315.08,0.33,0.55,2026-06-01,26,N,VIIRS,n,2.0NRT,292.45,2,N
26.57761,12.2077,329.06,0.33,0.55,2026-06-01,26,N,VIIRS,n,2.0NRT,293.38,1.62,N
26.58017,12.21142,323.54,0.33,0.55,2026-06-01,26,N,VIIRS,n,2.0NRT,292.95,1.9,N
26.58049,12.20808,325.26,0.33,0.55,2026-06-01,26,N,VIIRS,n,2.0NRT,293.46,2.75,N
26.58274,12.20833,302.61,0.33,0.55,2026-06-01,26,N,VIIRS,n,2.0NRT,292.33,1.62,N
26.70192,12.4555,302.18,0.64,0.54,2026-06-01,26,N,VIIRS,n,2.0NRT,292.04,3.33,N
26.70252,12.44897,331.79,0.64,0.54,2026-06-01,26,N,VIIRS,n,2.0NRT,292.7,3.33,N
26.75701,12.4141,312.17,0.32,0.55,2026-06-01,26,N,VIIRS,n,2.0NRT,293.27,4.35,N
26.75733,12.41082,367,0.32,0.55,2026-06-01,26,N,VIIRS,h,2.0NRT,296.66,10.84,N
27.70427,9.17394,313.89,0.52,0.67,2026-06-01,26,N,VIIRS,n,2.0NRT,289.73,1.37,N
27.73509,9.18133,304.5,0.52,0.67,2026-06-01,26,N,VIIRS,n,2.0NRT,289.23,1.28,N
27.73546,9.17593,316.28,0.52,0.67,2026-06-01,26,N,VIIRS,n,2.0NRT,289.58,1.28,N
27.73928,9.17596,303.45,0.52,0.67,2026-06-01,26,N,VIIRS,n,2.0NRT,289.14,0.74,N
27.74977,9.14986,300.54,0.52,0.67,2026-06-01,26,N,VIIRS,n,2.0NRT,288.01,0.41,N
27.92687,9.24906,329.74,0.51,0.66,2026-06-01,26,N,VIIRS,n,2.0NRT,287.85,3.01,N
27.92988,8.37521,306.51,0.58,0.7,2026-06-01,26,N,VIIRS,n,2.0NRT,289.17,2.59,N
27.93023,8.36918,320.13,0.58,0.7,2026-06-01,26,N,VIIRS,n,2.0NRT,290.36,3.93,N
27.93065,8.37194,332.07,0.58,0.7,2026-06-01,26,N,VIIRS,n,2.0NRT,290.86,4.14,N
28.05644,19.91335,309.49,0.41,0.37,2026-06-01,26,N,VIIRS,n,2.0NRT,264.6,0.43,N
28.08125,9.7857,367,0.48,0.65,2026-06-01,26,N,VIIRS,h,2.0NRT,292.26,8.8,N
28.12881,18.7919,303.42,0.45,0.39,2026-06-01,26,N,VIIRS,n,2.0NRT,281.14,0.54,N
28.19069,9.80199,312.31,0.48,0.65,2026-06-01,26,N,VIIRS,n,2.0NRT,287.91,1.01,N
28.45044,9.13307,318.26,0.53,0.67,2026-06-01,26,N,VIIRS,n,2.0NRT,288.54,2.44,N
28.46767,7.50809,301.2,0.66,0.73,2026-06-01,26,N,VIIRS,n,2.0NRT,289.83,1.79,N
28.46778,7.50291,302.57,0.66,0.73,2026-06-01,26,N,VIIRS,n,2.0NRT,289.87,0.53,N
28.52443,9.1205,322.12,0.53,0.67,2026-06-01,26,N,VIIRS,n,2.0NRT,286.87,2.45,N
28.53073,9.12099,320.03,0.53,0.67,2026-06-01,26,N,VIIRS,n,2.0NRT,286.92,2.45,N
28.557,7.51428,314.84,0.66,0.73,2026-06-01,26,N,VIIRS,n,2.0NRT,289.42,1.78,N
28.55771,7.51321,315.21,0.66,0.73,2026-06-01,26,N,VIIRS,n,2.0NRT,289.57,1.81,N
28.63515,9.78561,310.04,0.48,0.65,2026-06-01,26,N,VIIRS,n,2.0NRT,287.44,2.05,N
28.6355,9.78054,318.51,0.48,0.65,2026-06-01,26,N,VIIRS,n,2.0NRT,286.81,2.82,N
28.68218,7.19154,305,0.69,0.74,2026-06-01,26,N,VIIRS,n,2.0NRT,289.34,1.15,N
28.68426,7.19484,302.93,0.69,0.74,2026-06-01,26,N,VIIRS,n,2.0NRT,289.68,1.64,N
28.71009,9.03174,304.55,0.54,0.68,2026-06-01,26,N,VIIRS,n,2.0NRT,287.3,0.95,N
28.71255,9.03235,306.56,0.54,0.68,2026-06-01,26,N,VIIRS,n,2.0NRT,287.59,0.67,N
28.73375,9.78551,319.32,0.49,0.65,2026-06-01,26,N,VIIRS,n,2.0NRT,286.42,1.97,N
28.73981,9.78617,320.71,0.49,0.65,2026-06-01,26,N,VIIRS,n,2.0NRT,287.55,1.9,N
28.82351,9.90904,303.16,0.48,0.65,2026-06-01,26,N,VIIRS,n,2.0NRT,285.53,0.45,N
28.86596,9.93421,301.57,0.48,0.64,2026-06-01,26,N,VIIRS,n,2.0NRT,285.61,0.62,N
28.89409,9.96724,296.13,0.48,0.64,2026-06-01,26,N,VIIRS,n,2.0NRT,285.73,0.33,N
28.91448,9.74877,298.94,0.49,0.65,2026-06-01,26,N,VIIRS,n,2.0NRT,286.46,2.99,N
28.91481,9.74359,346.4,0.49,0.65,2026-06-01,26,N,VIIRS,n,2.0NRT,288.16,3.68,N
28.9209,9.74414,308.4,0.49,0.65,2026-06-01,26,N,VIIRS,n,2.0NRT,286.83,3.68,N
28.92348,9.97999,297.01,0.47,0.64,2026-06-01,26,N,VIIRS,n,2.0NRT,285.86,0.36,N
28.97369,10.03952,305.82,0.47,0.64,2026-06-01,26,N,VIIRS,n,2.0NRT,286.12,0.73,N
28.9755,10.03981,304.41,0.47,0.64,2026-06-01,26,N,VIIRS,n,2.0NRT,286.25,0.73,N
29.1102,9.6664,304.68,0.5,0.66,2026-06-01,26,N,VIIRS,n,2.0NRT,286.69,1.07,N
11.87943,27.21408,301.2,0.36,0.58,2026-06-01,28,N,VIIRS,n,2.0NRT,290.68,0.85,N
12.03993,26.58103,306.36,0.33,0.55,2026-06-01,28,N,VIIRS,n,2.0NRT,289.58,0.63,N
12.14854,24.09459,306.69,0.45,0.47,2026-06-01,28,N,VIIRS,n,2.0NRT,289.63,1.12,N
12.18993,27.54013,300.18,0.38,0.59,2026-06-01,28,N,VIIRS,n,2.0NRT,287.99,0.97,N
12.19061,27.53664,317.43,0.38,0.59,2026-06-01,28,N,VIIRS,n,2.0NRT,288.89,0.97,N
12.22584,26.76633,298.67,0.34,0.56,2026-06-01,28,N,VIIRS,n,2.0NRT,284.37,0.54,N
12.22643,26.76327,301.75,0.34,0.56,2026-06-01,28,N,VIIRS,n,2.0NRT,284.27,0.75,N
12.25763,27.74441,317.25,0.39,0.59,2026-06-01,28,N,VIIRS,n,2.0NRT,289.99,1.48,N
12.33681,23.45813,309.55,0.41,0.45,2026-06-01,28,N,VIIRS,n,2.0NRT,293.27,1.41,N
12.62344,29.09369,309.71,0.47,0.64,2026-06-01,28,N,VIIRS,n,2.0NRT,280.16,1.55,N
12.65302,22.86789,323.12,0.56,0.43,2026-06-01,28,N,VIIRS,n,2.0NRT,298.92,4.61,N
12.76521,30.00958,300.76,0.54,0.68,2026-06-01,28,N,VIIRS,n,2.0NRT,287.9,0.91,N
12.81361,22.93383,313.28,0.56,0.43,2026-06-01,28,N,VIIRS,n,2.0NRT,297.08,3.33,N
13.09058,29.72127,303.05,0.51,0.66,2026-06-01,28,N,VIIRS,n,2.0NRT,283.81,0.66,N
13.09125,29.71966,303.53,0.51,0.66,2026-06-01,28,N,VIIRS,n,2.0NRT,283.57,1.35,N
13.09468,24.19349,301.45,0.44,0.46,2026-06-01,28,N,VIIRS,n,2.0NRT,291.32,0.44,N
13.1133,25.18847,300.42,0.51,0.49,2026-06-01,28,N,VIIRS,n,2.0NRT,289.96,2.43,N
13.11405,25.35844,308.66,0.52,0.5,2026-06-01,28,N,VIIRS,n,2.0NRT,289.8,1.36,N
13.11697,25.19407,324.98,0.51,0.49,2026-06-01,28,N,VIIRS,n,2.0NRT,292.45,3.66,N
13.11751,25.19119,337.49,0.51,0.49,2026-06-01,28,N,VIIRS,n,2.0NRT,293.91,2.25,N
13.11783,25.18935,325.53,0.51,0.49,2026-06-01,28,N,VIIRS,n,2.0NRT,292.35,2.43,N
13.11841,25.18648,302.46,0.51,0.49,2026-06-01,28,N,VIIRS,n,2.0NRT,290.97,1.33,N
13.11863,25.35934,302.32,0.52,0.5,2026-06-01,28,N,VIIRS,n,2.0NRT,290.3,1.36,N
13.12064,25.19968,304.14,0.51,0.49,2026-06-01,28,N,VIIRS,n,2.0NRT,290.78,1.18,N
13.12114,25.19677,302.56,0.51,0.49,2026-06-01,28,N,VIIRS,n,2.0NRT,291.02,2.25,N
13.12204,25.19206,303.28,0.51,0.49,2026-06-01,28,N,VIIRS,n,2.0NRT,290.62,2.25,N
13.12236,25.19023,303.63,0.51,0.49,2026-06-01,28,N,VIIRS,n,2.0NRT,290.83,0.97,N
13.12294,25.18735,304.23,0.51,0.49,2026-06-01,28,N,VIIRS,n,2.0NRT,290.87,1.33,N
13.12322,25.1855,303.18,0.51,0.49,2026-06-01,28,N,VIIRS,n,2.0NRT,290.93,0.97,N
13.12478,25.20236,301.68,0.51,0.49,2026-06-01,28,N,VIIRS,n,2.0NRT,290.19,1.23,N
13.12517,25.20056,301.96,0.51,0.49,2026-06-01,28,N,VIIRS,n,2.0NRT,290.67,1.18,N
13.12657,25.19293,301.2,0.51,0.49,2026-06-01,28,N,VIIRS,n,2.0NRT,290.33,1.02,N
13.12842,25.20794,306.79,0.51,0.49,2026-06-01,28,N,VIIRS,n,2.0NRT,291,1.23,N
13.12884,25.20616,319.43,0.51,0.49,2026-06-01,28,N,VIIRS,n,2.0NRT,291.41,2.04,N
13.12931,25.20323,310.68,0.51,0.49,2026-06-01,28,N,VIIRS,n,2.0NRT,290.96,1.23,N
13.13338,25.20705,316.14,0.51,0.49,2026-06-01,28,N,VIIRS,n,2.0NRT,291.42,2.04,N
13.13385,25.20411,326.11,0.51,0.49,2026-06-01,28,N,VIIRS,n,2.0NRT,292.21,3.6,N
13.13424,25.20233,313.97,0.51,0.49,2026-06-01,28,N,VIIRS,n,2.0NRT,291.48,3.19,N
13.13927,25.20027,308.35,0.51,0.49,2026-06-01,28,N,VIIRS,n,2.0NRT,290.75,2.16,N
13.1438,25.20115,326.43,0.51,0.49,2026-06-01,28,N,VIIRS,n,2.0NRT,292.06,2,N
13.14833,25.20203,302.79,0.51,0.49,2026-06-01,28,N,VIIRS,n,2.0NRT,290.77,2,N
13.44575,24.55217,309.11,0.46,0.47,2026-06-01,28,N,VIIRS,n,2.0NRT,293.34,1.38,N
13.44999,24.55343,312.72,0.46,0.47,2026-06-01,28,N,VIIRS,n,2.0NRT,293.46,1.38,N
13.45072,24.54937,309.04,0.46,0.47,2026-06-01,28,N,VIIRS,n,2.0NRT,291.96,1.38,N
13.49336,29.70549,305.42,0.5,0.66,2026-06-01,28,N,VIIRS,n,2.0NRT,288.21,1.56,N
9.01689,19.36232,310.83,0.42,0.38,2026-06-01,30,N,VIIRS,n,2.0NRT,293.5,0.84,N
9.24377,18.31476,308.04,0.39,0.36,2026-06-01,30,N,VIIRS,n,2.0NRT,295.41,0.85,N
9.76085,20.19781,310.35,0.44,0.39,2026-06-01,30,N,VIIRS,n,2.0NRT,296.38,0.93,N
9.85914,21.28668,305.44,0.5,0.41,2026-06-01,30,N,VIIRS,n,2.0NRT,292.93,1.26,N
10.15285,19.14796,306.48,0.4,0.37,2026-06-01,30,N,VIIRS,n,2.0NRT,286.09,0.57,N
10.33393,20.14073,314.5,0.43,0.38,2026-06-01,30,N,VIIRS,n,2.0NRT,297.76,0.87,N
10.42536,18.15124,311.36,0.39,0.36,2026-06-01,30,N,VIIRS,n,2.0NRT,295.74,0.91,N
10.76364,17.89598,325.28,0.38,0.36,2026-06-01,30,N,VIIRS,n,2.0NRT,298.17,3.02,N
10.76695,17.89652,342.66,0.38,0.36,2026-06-01,30,N,VIIRS,n,2.0NRT,299.4,3.02,N
10.78646,18.47465,311.2,0.39,0.36,2026-06-01,30,N,VIIRS,n,2.0NRT,296.98,0.79,N
10.78703,18.47112,310.18,0.39,0.36,2026-06-01,30,N,VIIRS,n,2.0NRT,297.24,0.79,N
10.84423,20.94474,321.68,0.47,0.39,2026-06-01,30,N,VIIRS,n,2.0NRT,297.37,2.14,N
10.84463,20.94216,319.28,0.47,0.39,2026-06-01,30,N,VIIRS,n,2.0NRT,296.42,1.49,N
10.84496,29.50798,296.32,0.54,0.68,2026-06-01,30,N,VIIRS,n,2.0NRT,270.27,1.96,N
10.84785,20.94536,321,0.47,0.39,2026-06-01,30,N,VIIRS,n,2.0NRT,297.44,1.04,N
10.84825,20.94279,319,0.47,0.39,2026-06-01,30,N,VIIRS,n,2.0NRT,297.04,1.49,N
10.85147,20.94599,308.29,0.47,0.39,2026-06-01,30,N,VIIRS,n,2.0NRT,297.12,1.04,N
10.99251,24.4259,310.31,0.49,0.49,2026-06-01,30,N,VIIRS,n,2.0NRT,289.43,1.39,N
10.99502,24.42402,306.17,0.49,0.49,2026-06-01,30,N,VIIRS,n,2.0NRT,289.24,0.63,N
11.13116,24.34617,304.22,0.49,0.48,2026-06-01,30,N,VIIRS,n,2.0NRT,289.56,1.07,N
11.96269,18.82062,319.18,0.39,0.36,2026-06-01,30,N,VIIRS,n,2.0NRT,297.58,1.53,N
12.88978,14.14042,305.93,0.51,0.41,2026-06-01,30,N,VIIRS,n,2.0NRT,286.93,0.98,N
12.89291,14.14316,322.11,0.51,0.41,2026-06-01,30,N,VIIRS,n,2.0NRT,287.94,2.03,N
13.24066,13.87079,318.2,0.53,0.42,2026-06-01,30,N,VIIRS,n,2.0NRT,287.51,6.39,N
13.24117,13.87336,333.63,0.53,0.42,2026-06-01,30,N,VIIRS,n,2.0NRT,288.11,6.17,N
13.24185,13.86845,316.4,0.53,0.42,2026-06-01,30,N,VIIRS,n,2.0NRT,288.02,2.21,N
13.24382,13.87626,326.52,0.53,0.42,2026-06-01,30,N,VIIRS,n,2.0NRT,288.85,5.72,N
13.24453,13.87136,332.74,0.53,0.42,2026-06-01,30,N,VIIRS,n,2.0NRT,290.04,6.39,N
13.24504,13.87394,345.14,0.53,0.42,2026-06-01,30,N,VIIRS,n,2.0NRT,290.31,8.82,N
-0.31839,15.61144,317,0.39,0.36,2026-06-01,33,N,VIIRS,n,2.0NRT,289.69,2.31,N
-0.31785,15.60798,353.69,0.39,0.36,2026-06-01,33,N,VIIRS,n,2.0NRT,290.47,2.31,N
-0.31507,15.61196,311.75,0.39,0.36,2026-06-01,33,N,VIIRS,n,2.0NRT,289.41,2.31,N
-0.31452,15.6085,303.57,0.39,0.36,2026-06-01,33,N,VIIRS,n,2.0NRT,289.51,2.31,N
-0.31397,15.60504,316.28,0.39,0.36,2026-06-01,33,N,VIIRS,n,2.0NRT,289.13,2.07,N
1.86059,11.70935,302.45,0.51,0.41,2026-06-01,33,N,VIIRS,n,2.0NRT,283.6,0.67,N
2.62754,16.06381,304.4,0.38,0.36,2026-06-01,33,N,VIIRS,n,2.0NRT,286.96,0.66,N
2.62863,16.0569,313.59,0.38,0.36,2026-06-01,33,N,VIIRS,n,2.0NRT,286.49,1.23,N
3.93903,15.21853,299.03,0.39,0.36,2026-06-01,33,N,VIIRS,n,2.0NRT,284.43,0.41,N
4.45258,14.41526,298.33,0.41,0.37,2026-06-01,33,N,VIIRS,n,2.0NRT,280.2,0.62,N
5.95241,5.05006,322.94,0.53,0.67,2026-06-01,33,N,VIIRS,n,2.0NRT,269.11,2.84,N
5.95309,5.04511,306.97,0.53,0.67,2026-06-01,33,N,VIIRS,n,2.0NRT,270.28,3.62,N
-13.41495,24.3165,295.51,0.56,0.69,2026-06-01,35,N,VIIRS,n,2.0NRT,284.3,0.67,N
-9.00142,23.7953,301.9,0.46,0.63,2026-06-01,35,N,VIIRS,n,2.0NRT,283.51,0.67,N
-8.7738,23.72066,315.04,0.45,0.63,2026-06-01,35,N,VIIRS,n,2.0NRT,283.86,1.21,N
-8.41228,20.08052,300.25,0.5,0.49,2026-06-01,35,N,VIIRS,n,2.0NRT,284.35,0.53,N
-8.41161,20.07585,302.97,0.5,0.49,2026-06-01,35,N,VIIRS,n,2.0NRT,285.27,1.14,N
-8.40773,20.08116,300.37,0.5,0.49,2026-06-01,35,N,VIIRS,n,2.0NRT,284.68,0.53,N
-8.35729,24.29406,303.29,0.48,0.65,2026-06-01,35,N,VIIRS,n,2.0NRT,284.36,0.37,N
-8.35198,24.29323,302.92,0.48,0.65,2026-06-01,35,N,VIIRS,n,2.0NRT,285.65,1.34,N
-8.35097,24.06694,317.63,0.47,0.64,2026-06-01,35,N,VIIRS,n,2.0NRT,275.53,2.2,N
-8.34731,24.06568,310.1,0.47,0.64,2026-06-01,35,N,VIIRS,n,2.0NRT,276.28,2.4,N
-8.27275,17.5136,307.08,0.52,0.41,2026-06-01,35,N,VIIRS,n,2.0NRT,287.3,1.47,N
-8.27084,17.51174,320.96,0.52,0.41,2026-06-01,35,N,VIIRS,n,2.0NRT,288.44,2.8,N
-8.06842,18.57043,320.3,0.4,0.44,2026-06-01,35,N,VIIRS,n,2.0NRT,291.77,1.92,N
-8.06434,18.57108,321.74,0.4,0.44,2026-06-01,35,N,VIIRS,n,2.0NRT,291.67,2.4,N
-7.98591,18.56831,302.87,0.4,0.44,2026-06-01,35,N,VIIRS,n,2.0NRT,289.34,0.69,N
-7.94354,23.63362,310.42,0.43,0.62,2026-06-01,35,N,VIIRS,n,2.0NRT,288.51,1.17,N
-7.90094,21.24343,306.79,0.59,0.53,2026-06-01,35,N,VIIRS,n,2.0NRT,289.84,1.65,N
-7.89608,21.24431,308.4,0.59,0.53,2026-06-01,35,N,VIIRS,n,2.0NRT,290.97,1.65,N
-7.85489,24.77498,300.44,0.51,0.66,2026-06-01,35,N,VIIRS,n,2.0NRT,288.08,1.57,N
-7.85427,24.77037,311.07,0.51,0.66,2026-06-01,35,N,VIIRS,n,2.0NRT,288.47,2.81,N
-7.84811,24.77131,308.69,0.51,0.66,2026-06-01,35,N,VIIRS,n,2.0NRT,288.43,1.74,N
-7.84598,24.04656,326.34,0.46,0.63,2026-06-01,35,N,VIIRS,n,2.0NRT,288.71,2.09,N
-7.84011,24.04758,309.45,0.46,0.63,2026-06-01,35,N,VIIRS,n,2.0NRT,288.22,2.09,N
-7.70452,23.78355,304.83,0.44,0.62,2026-06-01,35,N,VIIRS,n,2.0NRT,287.24,0.85,N
-7.52997,24.35035,300.5,0.47,0.64,2026-06-01,35,N,VIIRS,n,2.0NRT,287.72,0.92,N
-7.49591,23.67959,306.16,0.43,0.62,2026-06-01,35,N,VIIRS,n,2.0NRT,287.06,1.26,N
-7.47225,24.01966,304.24,0.45,0.63,2026-06-01,35,N,VIIRS,n,2.0NRT,286.65,0.86,N
-7.47023,24.01853,303.28,0.45,0.63,2026-06-01,35,N,VIIRS,n,2.0NRT,286.74,1.22,N
-7.4664,24.02057,308.28,0.45,0.63,2026-06-01,35,N,VIIRS,n,2.0NRT,287.16,1.53,N
-7.46315,11.56892,315.29,0.41,0.37,2026-06-01,35,N,VIIRS,n,2.0NRT,294.33,2.1,N
-7.46202,11.56964,317.47,0.41,0.37,2026-06-01,35,N,VIIRS,n,2.0NRT,294.52,3.34,N
-7.4614,11.56588,329.92,0.41,0.37,2026-06-01,35,N,VIIRS,n,2.0NRT,295.06,3.34,N
-7.4597,11.56949,330.16,0.41,0.37,2026-06-01,35,N,VIIRS,n,2.0NRT,295.03,2.1,N
-7.4591,11.56573,314.34,0.41,0.37,2026-06-01,35,N,VIIRS,n,2.0NRT,294.64,2.1,N
-7.44868,24.71315,298.44,0.5,0.66,2026-06-01,35,N,VIIRS,n,2.0NRT,287.42,0.78,N
-7.42597,17.24677,313.63,0.49,0.4,2026-06-01,35,N,VIIRS,n,2.0NRT,289.84,1.52,N
-7.30979,24.41165,303.1,0.48,0.64,2026-06-01,35,N,VIIRS,n,2.0NRT,289.96,2.67,N
-7.30922,24.40731,330.95,0.48,0.64,2026-06-01,35,N,VIIRS,n,2.0NRT,289.98,4.67,N
-7.30776,24.40883,338.5,0.48,0.64,2026-06-01,35,N,VIIRS,n,2.0NRT,290.64,3.52,N
-7.27726,23.80512,298.19,0.43,0.62,2026-06-01,35,N,VIIRS,n,2.0NRT,288.03,0.58,N
-7.2715,23.80597,367,0.43,0.62,2026-06-01,35,N,VIIRS,h,2.0NRT,290.43,9.84,N
-7.26155,24.52018,303.29,0.48,0.65,2026-06-01,35,N,VIIRS,n,2.0NRT,288.29,1.35,N
-7.2431,24.61376,310.48,0.49,0.65,2026-06-01,35,N,VIIRS,n,2.0NRT,287.25,1.23,N
-7.24253,24.6094,300.37,0.49,0.65,2026-06-01,35,N,VIIRS,n,2.0NRT,285.63,1.23,N
-7.24155,24.6113,316.33,0.49,0.65,2026-06-01,35,N,VIIRS,n,2.0NRT,285.73,1.54,N
-7.13043,12.34512,309.05,0.4,0.37,2026-06-01,35,N,VIIRS,n,2.0NRT,293.84,0.76,N
-7.09771,12.33565,309.95,0.4,0.37,2026-06-01,35,N,VIIRS,n,2.0NRT,293.36,1.06,N
-7.09713,12.33206,319.86,0.4,0.37,2026-06-01,35,N,VIIRS,n,2.0NRT,293.8,1.06,N
-7.09708,21.46507,300.43,0.6,0.53,2026-06-01,35,N,VIIRS,n,2.0NRT,288.32,0.67,N
-7.06822,12.41043,321.49,0.4,0.37,2026-06-01,35,N,VIIRS,n,2.0NRT,293.82,1.45,N
-7.06485,12.41097,321.36,0.4,0.37,2026-06-01,35,N,VIIRS,n,2.0NRT,293.91,1.45,N
-6.85909,12.3926,331.52,0.4,0.37,2026-06-01,35,N,VIIRS,n,2.0NRT,294.72,3.81,N
-6.85571,12.39314,333.82,0.4,0.37,2026-06-01,35,N,VIIRS,n,2.0NRT,296.04,5.19,N
-6.81773,12.50558,307,0.39,0.37,2026-06-01,35,N,VIIRS,n,2.0NRT,294.47,0.39,N
-6.57151,14.23168,305.61,0.39,0.36,2026-06-01,35,N,VIIRS,n,2.0NRT,291.76,0.47,N
-6.55366,24.49991,312,0.47,0.64,2026-06-01,35,N,VIIRS,n,2.0NRT,284.02,0.96,N
-6.54764,24.50043,301.57,0.47,0.64,2026-06-01,35,N,VIIRS,n,2.0NRT,283.93,0.96,N
-6.413,18.64854,306.82,0.57,0.43,2026-06-01,35,N,VIIRS,n,2.0NRT,288.24,3.46,N
-6.41188,18.65035,306.84,0.57,0.43,2026-06-01,35,N,VIIRS,n,2.0NRT,288,5.44,N
-6.40899,18.64914,329.58,0.57,0.43,2026-06-01,35,N,VIIRS,n,2.0NRT,289.81,3.46,N
-6.40823,18.64396,308.64,0.57,0.43,2026-06-01,35,N,VIIRS,n,2.0NRT,288.1,2.49,N
-6.40787,18.65095,328.54,0.57,0.43,2026-06-01,35,N,VIIRS,n,2.0NRT,289.15,5.44,N
-6.40708,18.64577,335.34,0.57,0.43,2026-06-01,35,N,VIIRS,n,2.0NRT,289.89,5.44,N
-6.40498,18.64975,337.83,0.57,0.43,2026-06-01,35,N,VIIRS,n,2.0NRT,296.18,37.7,N
-6.40422,18.64455,336.62,0.57,0.43,2026-06-01,35,N,VIIRS,n,2.0NRT,293.6,37.54,N
-6.40386,18.65155,326.78,0.57,0.43,2026-06-01,35,N,VIIRS,n,2.0NRT,288.44,32.67,N
-6.40307,18.64637,343.66,0.57,0.43,2026-06-01,35,N,VIIRS,n,2.0NRT,299.44,32.67,N
-6.39569,17.54066,299.94,0.5,0.41,2026-06-01,35,N,VIIRS,n,2.0NRT,288,0.62,N
-6.31861,18.13961,298.63,0.53,0.42,2026-06-01,35,N,VIIRS,n,2.0NRT,288.44,0.69,N
-6.31723,18.1369,306.66,0.53,0.42,2026-06-01,35,N,VIIRS,n,2.0NRT,288.69,1.41,N
-6.27184,14.47567,344.35,0.39,0.36,2026-06-01,35,N,VIIRS,n,2.0NRT,293.44,4.84,N
-6.2685,14.4762,337.41,0.39,0.36,2026-06-01,35,N,VIIRS,n,2.0NRT,293.73,3.28,N
-6.21342,12.39567,317.44,0.4,0.37,2026-06-01,35,N,VIIRS,n,2.0NRT,293.95,1.39,N
-6.18132,25.0969,303.14,0.51,0.66,2026-06-01,35,N,VIIRS,n,2.0NRT,275.71,1.37,N
-6.17516,25.09786,317.23,0.51,0.66,2026-06-01,35,N,VIIRS,n,2.0NRT,275.94,4.47,N
-6.1745,25.09297,343.9,0.51,0.66,2026-06-01,35,N,VIIRS,n,2.0NRT,275.81,4.55,N
-6.17355,17.5239,303.06,0.49,0.4,2026-06-01,35,N,VIIRS,n,2.0NRT,289.51,0.8,N
-6.16982,17.52449,302.64,0.49,0.4,2026-06-01,35,N,VIIRS,n,2.0NRT,289.45,0.87,N
-6.16974,25.09436,311.98,0.51,0.66,2026-06-01,35,N,VIIRS,n,2.0NRT,275.6,2.09,N
-6.16905,25.08955,306.81,0.51,0.66,2026-06-01,35,N,VIIRS,n,2.0NRT,275.34,2.31,N
-6.16835,25.09397,297.94,0.51,0.66,2026-06-01,35,N,VIIRS,n,2.0NRT,275.65,4.55,N
-6.15978,11.26964,309,0.44,0.38,2026-06-01,35,N,VIIRS,n,2.0NRT,294.46,1.04,N
-6.14265,11.03089,338.12,0.45,0.39,2026-06-01,35,N,VIIRS,n,2.0NRT,294.58,5.94,N
-6.13908,11.03148,341.38,0.45,0.39,2026-06-01,35,N,VIIRS,n,2.0NRT,295.72,5.94,N
-6.13566,10.85218,308.11,0.45,0.39,2026-06-01,35,N,VIIRS,n,2.0NRT,293.82,0.98,N
-6.13499,10.84807,314.07,0.45,0.39,2026-06-01,35,N,VIIRS,n,2.0NRT,293.95,0.98,N
-6.1314,10.84866,307.94,0.45,0.39,2026-06-01,35,N,VIIRS,n,2.0NRT,293.15,0.98,N
-6.12793,25.24578,296.7,0.52,0.67,2026-06-01,35,N,VIIRS,n,2.0NRT,266.74,1.11,N
-6.12121,12.34289,314.4,0.4,0.37,2026-06-01,35,N,VIIRS,n,2.0NRT,294.23,1.18,N
-6.12111,25.24227,306.31,0.52,0.67,2026-06-01,35,N,VIIRS,n,2.0NRT,273.01,2.46,N
-6.09739,26.16383,328.51,0.6,0.71,2026-06-01,35,N,VIIRS,n,2.0NRT,264.14,7.62,N
-6.09512,26.16447,321.68,0.6,0.71,2026-06-01,35,N,VIIRS,n,2.0NRT,264.5,6.96,N
-6.08671,18.74299,307.53,0.38,0.43,2026-06-01,35,N,VIIRS,n,2.0NRT,289.56,1.08,N
-6.08218,18.74019,302.67,0.38,0.43,2026-06-01,35,N,VIIRS,n,2.0NRT,289.28,0.8,N
-6.06908,11.35633,329,0.43,0.38,2026-06-01,35,N,VIIRS,n,2.0NRT,295.17,2.29,N
-5.96711,12.16921,319,0.41,0.37,2026-06-01,35,N,VIIRS,n,2.0NRT,295.03,1.36,N
-5.82096,12.3235,314.24,0.4,0.37,2026-06-01,35,N,VIIRS,n,2.0NRT,294.04,1,N
-5.77016,17.96728,304.05,0.51,0.41,2026-06-01,35,N,VIIRS,n,2.0NRT,289.73,1.16,N
-5.76824,17.96959,299.81,0.51,0.41,2026-06-01,35,N,VIIRS,n,2.0NRT,288.05,0.35,N
-5.73282,18.36004,304.87,0.54,0.42,2026-06-01,35,N,VIIRS,n,2.0NRT,288.93,1.09,N
-5.43123,18.63199,314.86,0.55,0.43,2026-06-01,35,N,VIIRS,n,2.0NRT,290.69,1.48,N
-5.42938,18.63055,312.44,0.56,0.43,2026-06-01,35,N,VIIRS,n,2.0NRT,290.51,2.31,N
-5.42731,18.63276,309.07,0.55,0.43,2026-06-01,35,N,VIIRS,n,2.0NRT,290.9,1.48,N
-5.42623,18.63669,303.95,0.56,0.43,2026-06-01,35,N,VIIRS,n,2.0NRT,290.35,0.9,N
-5.37982,11.44213,313.69,0.44,0.38,2026-06-01,35,N,VIIRS,n,2.0NRT,294.26,1.05,N
-5.31211,25.64576,300.1,0.54,0.68,2026-06-01,35,N,VIIRS,n,2.0NRT,286.34,0.73,N
-5.30683,17.77679,306.98,0.5,0.41,2026-06-01,35,N,VIIRS,n,2.0NRT,290.75,0.67,N
-5.30617,17.77455,309.65,0.49,0.41,2026-06-01,35,N,VIIRS,n,2.0NRT,291.3,0.96,N
-5.2813,19.03182,307.07,0.39,0.44,2026-06-01,35,N,VIIRS,n,2.0NRT,290.98,0.75,N
-5.2728,11.56332,324.55,0.43,0.38,2026-06-01,35,N,VIIRS,n,2.0NRT,294.39,1.78,N
-5.23564,11.64521,308.97,0.43,0.38,2026-06-01,35,N,VIIRS,n,2.0NRT,294.14,0.69,N
-5.12925,27.96499,298.8,0.77,0.77,2026-06-01,35,N,VIIRS,n,2.0NRT,277.63,1.56,N
-5.08461,27.34042,309.75,0.7,0.75,2026-06-01,35,N,VIIRS,n,2.0NRT,277.24,3.04,N
-5.08385,27.34157,306.25,0.7,0.75,2026-06-01,35,N,VIIRS,n,2.0NRT,276.99,2.51,N
-5.07696,27.33659,299.07,0.7,0.75,2026-06-01,35,N,VIIRS,n,2.0NRT,277.31,1.52,N
-5.07622,27.33768,297.95,0.7,0.75,2026-06-01,35,N,VIIRS,n,2.0NRT,277.2,2.62,N
-5.05067,25.33569,297.57,0.51,0.66,2026-06-01,35,N,VIIRS,n,2.0NRT,284.72,0.75,N
-5.03563,18.26997,301.4,0.52,0.42,2026-06-01,35,N,VIIRS,n,2.0NRT,289.43,0.76,N
-5.00084,25.55548,298.54,0.53,0.67,2026-06-01,35,N,VIIRS,n,2.0NRT,286.33,1.03,N
-4.96626,16.43192,309.56,0.43,0.38,2026-06-01,35,N,VIIRS,n,2.0NRT,288.68,0.89,N
-4.96566,16.42808,320.4,0.43,0.38,2026-06-01,35,N,VIIRS,n,2.0NRT,289.43,1.8,N
-4.95305,27.20203,296.83,0.68,0.74,2026-06-01,35,N,VIIRS,n,2.0NRT,269.54,1.49,N
-4.95182,27.19932,301.01,0.68,0.74,2026-06-01,35,N,VIIRS,n,2.0NRT,269.22,1.2,N
-4.94614,27.20293,304.57,0.68,0.74,2026-06-01,35,N,VIIRS,n,2.0NRT,271.36,1.49,N
-4.94376,11.64637,310.95,0.43,0.38,2026-06-01,35,N,VIIRS,n,2.0NRT,293.87,0.92,N
-4.93533,12.09068,323,0.42,0.37,2026-06-01,35,N,VIIRS,n,2.0NRT,292.94,1.85,N
-4.93473,12.08694,334.55,0.42,0.37,2026-06-01,35,N,VIIRS,n,2.0NRT,293.44,1.85,N
-4.93188,12.09125,308.76,0.42,0.37,2026-06-01,35,N,VIIRS,n,2.0NRT,292.76,1.85,N
-4.93128,12.0875,321.43,0.42,0.37,2026-06-01,35,N,VIIRS,n,2.0NRT,292.65,1.85,N
-4.89651,12.13561,307.22,0.42,0.37,2026-06-01,35,N,VIIRS,n,2.0NRT,293.06,0.71,N
-4.88885,11.91168,305.36,0.42,0.38,2026-06-01,35,N,VIIRS,n,2.0NRT,293.42,1.64,N
-4.88824,11.90785,329.4,0.42,0.38,2026-06-01,35,N,VIIRS,n,2.0NRT,293.48,1.64,N
-4.86092,12.02539,320.07,0.42,0.38,2026-06-01,35,N,VIIRS,n,2.0NRT,292.39,2.08,N
-4.74086,11.42305,306.29,0.44,0.39,2026-06-01,35,N,VIIRS,n,2.0NRT,293.93,0.74,N
-4.61796,11.35509,306.27,0.45,0.39,2026-06-01,35,N,VIIRS,n,2.0NRT,294.07,0.81,N
-4.60266,25.38273,299.06,0.51,0.66,2026-06-01,35,N,VIIRS,n,2.0NRT,285.63,0.77,N
-4.60215,25.38107,298.99,0.51,0.66,2026-06-01,35,N,VIIRS,n,2.0NRT,285.68,0.54,N
-4.53472,11.52313,329.98,0.44,0.38,2026-06-01,35,N,VIIRS,n,2.0NRT,293.95,3.68,N
-4.53363,11.52385,327.01,0.44,0.38,2026-06-01,35,N,VIIRS,n,2.0NRT,294.45,4.46,N
-4.53302,27.91747,295.24,0.75,0.77,2026-06-01,35,N,VIIRS,n,2.0NRT,277.87,0.23,N
-4.53297,11.51987,316.9,0.44,0.38,2026-06-01,35,N,VIIRS,n,2.0NRT,293.62,7.57,N
-4.53117,11.5237,333.56,0.44,0.38,2026-06-01,35,N,VIIRS,n,2.0NRT,294.39,3.68,N
-4.53054,11.51972,304.3,0.44,0.38,2026-06-01,35,N,VIIRS,n,2.0NRT,293.91,4.33,N
-4.53008,11.52442,307.2,0.44,0.38,2026-06-01,35,N,VIIRS,n,2.0NRT,292.73,4.46,N
-4.52008,11.4194,329.59,0.45,0.39,2026-06-01,35,N,VIIRS,n,2.0NRT,294.82,2.56,N
-4.51698,11.526,310.33,0.44,0.38,2026-06-01,35,N,VIIRS,n,2.0NRT,293.88,3.11,N
-4.51634,11.52202,331.29,0.44,0.38,2026-06-01,35,N,VIIRS,n,2.0NRT,294.98,8.14,N
-4.48742,17.7874,305.68,0.48,0.4,2026-06-01,35,N,VIIRS,n,2.0NRT,289.05,1.17,N
-4.4329,16.66062,309.4,0.43,0.38,2026-06-01,35,N,VIIRS,n,2.0NRT,286.19,0.85,N
-4.40699,25.19224,312.41,0.49,0.65,2026-06-01,35,N,VIIRS,n,2.0NRT,286.08,2.1,N
-4.37097,27.49518,299.35,0.7,0.75,2026-06-01,35,N,VIIRS,n,2.0NRT,277.94,1.53,N
-4.37015,27.48955,308.63,0.7,0.75,2026-06-01,35,N,VIIRS,n,2.0NRT,277.77,2.79,N
-4.36845,27.49076,313.44,0.7,0.75,2026-06-01,35,N,VIIRS,n,2.0NRT,277.66,3.17,N
-4.36326,27.491,317.17,0.7,0.75,2026-06-01,35,N,VIIRS,n,2.0NRT,278.54,2.58,N
-4.36158,27.49245,319.53,0.7,0.75,2026-06-01,35,N,VIIRS,n,2.0NRT,277.87,3.17,N
-4.35639,27.49267,300.76,0.7,0.75,2026-06-01,35,N,VIIRS,n,2.0NRT,277.97,2.58,N
-4.35471,27.49415,301.68,0.7,0.75,2026-06-01,35,N,VIIRS,n,2.0NRT,278.07,1.65,N
-4.35238,15.34438,318.8,0.39,0.36,2026-06-01,35,N,VIIRS,n,2.0NRT,293.65,1.43,N
-4.31964,15.50989,307.21,0.4,0.37,2026-06-01,35,N,VIIRS,n,2.0NRT,291.82,0.77,N
-4.24571,10.81688,309.97,0.48,0.4,2026-06-01,35,N,VIIRS,n,2.0NRT,294.08,1.76,N
-4.20881,27.87506,303.37,0.73,0.76,2026-06-01,35,N,VIIRS,n,2.0NRT,275.48,2.7,N
-4.20483,27.87681,306.71,0.74,0.76,2026-06-01,35,N,VIIRS,n,2.0NRT,275.45,2.47,N
-3.95598,10.95979,305.95,0.47,0.4,2026-06-01,35,N,VIIRS,n,2.0NRT,293.34,1.57,N
-3.86077,10.94784,331.44,0.48,0.4,2026-06-01,35,N,VIIRS,n,2.0NRT,293.57,3.05,N
-3.77607,16.42606,312.2,0.42,0.37,2026-06-01,35,N,VIIRS,n,2.0NRT,290.8,1.23,N
-3.77548,16.42231,313.88,0.42,0.37,2026-06-01,35,N,VIIRS,n,2.0NRT,290.78,1.23,N
-3.65863,16.41315,303.46,0.42,0.37,2026-06-01,35,N,VIIRS,n,2.0NRT,289.97,0.44,N
-3.65518,16.4137,304.37,0.42,0.37,2026-06-01,35,N,VIIRS,n,2.0NRT,290.14,0.44,N
-3.51351,14.10303,309.05,0.38,0.36,2026-06-01,35,N,VIIRS,n,2.0NRT,291.42,0.49,N
-3.36167,23.97992,295.56,0.39,0.59,2026-06-01,35,N,VIIRS,n,2.0NRT,271.96,0.66,N
-2.0742,9.16057,330.91,0.43,0.46,2026-06-01,35,N,VIIRS,n,2.0NRT,291.62,3.37,N
-2.07381,9.80775,325.52,0.39,0.44,2026-06-01,35,N,VIIRS,n,2.0NRT,289.06,2.36,N
-2.06977,9.80838,321.51,0.39,0.44,2026-06-01,35,N,VIIRS,n,2.0NRT,289.71,1.76,N
-1.80642,9.79734,319.15,0.39,0.44,2026-06-01,35,N,VIIRS,n,2.0NRT,291.3,1.49,N
-1.79943,9.80556,331.22,0.39,0.44,2026-06-01,35,N,VIIRS,n,2.0NRT,291.63,3.34,N
-1.78957,9.82157,339.25,0.39,0.44,2026-06-01,35,N,VIIRS,n,2.0NRT,291.77,4.31,N
-1.77567,9.81283,332.14,0.39,0.44,2026-06-01,35,N,VIIRS,n,2.0NRT,291.55,2.41,N
-1.77278,9.82051,307.54,0.39,0.44,2026-06-01,35,N,VIIRS,n,2.0NRT,291.12,1.17,N
-1.77261,9.82028,306.62,0.39,0.44,2026-06-01,35,N,VIIRS,n,2.0NRT,291.1,1.46,N
-1.6367,9.87774,309.25,0.39,0.44,2026-06-01,35,N,VIIRS,n,2.0NRT,290.09,0.79,N
-1.58027,8.79409,323.23,0.46,0.47,2026-06-01,35,N,VIIRS,n,2.0NRT,292.17,2.67,N
-0.96085,16.01471,309.52,0.39,0.36,2026-06-01,35,N,VIIRS,n,2.0NRT,289.08,0.86,N
-0.89627,16.0719,306.56,0.39,0.36,2026-06-01,35,N,VIIRS,n,2.0NRT,288.27,0.55,N
-0.29841,12.12292,315.08,0.46,0.39,2026-06-01,35,N,VIIRS,n,2.0NRT,275.53,1.48,N
-0.29762,12.12209,310.29,0.46,0.39,2026-06-01,35,N,VIIRS,n,2.0NRT,275.91,1.6,N
-19.53127,13.0085,309.64,0.42,0.38,2026-06-01,37,N,VIIRS,n,2.0NRT,291.62,0.03,N
-18.84555,12.48771,306.07,0.4,0.37,2026-06-01,37,N,VIIRS,n,2.0NRT,288,0.08,N
-17.43636,18.46756,295.37,0.52,0.5,2026-06-01,37,N,VIIRS,n,2.0NRT,283.52,0.51,N
-17.35701,24.89524,297.6,0.68,0.74,2026-06-01,37,N,VIIRS,n,2.0NRT,281.7,0.14,N
-16.662,18.30891,298.31,0.5,0.49,2026-06-01,37,N,VIIRS,n,2.0NRT,284.7,1.14,N
-15.56099,17.90204,303.29,0.45,0.47,2026-06-01,37,N,VIIRS,n,2.0NRT,283.49,1.22,N
-15.55718,17.90687,296.98,0.45,0.47,2026-06-01,37,N,VIIRS,n,2.0NRT,281.3,1.22,N
-14.91729,13.53109,302.94,0.41,0.37,2026-06-01,37,N,VIIRS,n,2.0NRT,283.99,0.61,N
-12.07854,26.39821,314.19,0.74,0.76,2026-06-01,37,N,VIIRS,n,2.0NRT,285.39,4.36,N
-12.07778,26.39143,295.48,0.74,0.76,2026-06-01,37,N,VIIRS,n,2.0NRT,284.36,4.35,N
-12.07442,26.39949,298.53,0.74,0.76,2026-06-01,37,N,VIIRS,n,2.0NRT,285.1,2.78,N
-12.07371,26.39272,304.82,0.74,0.76,2026-06-01,37,N,VIIRS,n,2.0NRT,284.8,2.78,N
-10.95669,23.07732,296.33,0.43,0.62,2026-06-01,37,N,VIIRS,n,2.0NRT,285.98,0.82,N
-10.78578,25.58355,296.29,0.63,0.72,2026-06-01,37,N,VIIRS,n,2.0NRT,284.35,1.36,N
-10.59376,26.88918,298.57,0.77,0.77,2026-06-01,37,N,VIIRS,n,2.0NRT,285.44,1.05,N
-10.59265,26.88696,302.37,0.77,0.77,2026-06-01,37,N,VIIRS,n,2.0NRT,285.36,1.5,N
-10.10943,19.2013,303.29,0.46,0.47,2026-06-01,37,N,VIIRS,n,2.0NRT,287.15,0.7,N
-9.81895,16.33596,312.17,0.47,0.4,2026-06-01,37,N,VIIRS,n,2.0NRT,287.14,1.97,N
-9.81464,16.3322,316.51,0.47,0.4,2026-06-01,37,N,VIIRS,n,2.0NRT,286.8,1.97,N
-9.5874,15.02544,303.08,0.41,0.37,2026-06-01,37,N,VIIRS,n,2.0NRT,289.04,0.9,N
-9.22037,20.56485,301.89,0.56,0.51,2026-06-01,37,N,VIIRS,n,2.0NRT,287.9,1.15,N
-8.64628,15.43911,314.56,0.42,0.38,2026-06-01,37,N,VIIRS,n,2.0NRT,290.79,0.89,N
-7.84758,12.11212,335.11,0.4,0.37,2026-06-01,37,N,VIIRS,n,2.0NRT,295.61,8.63,N
-28.36224,23.50922,295.88,0.7,0.75,2026-06-01,39,N,VIIRS,n,2.0NRT,280.17,3.38,N
-28.35818,23.50511,298.33,0.7,0.75,2026-06-01,39,N,VIIRS,n,2.0NRT,280.71,2.32,N
-27.11444,21.65611,295.32,0.53,0.67,2026-06-01,39,N,VIIRS,n,2.0NRT,280.37,0.1,N
-33.24914,18.89588,307.87,0.41,0.61,2026-06-01,41,N,VIIRS,n,2.0NRT,284.16,1.08,N
-33.2434,18.89647,323.17,0.41,0.61,2026-06-01,41,N,VIIRS,n,2.0NRT,285.37,1.91,N
-32.93768,18.75846,315.1,0.4,0.6,2026-06-01,41,N,VIIRS,n,2.0NRT,288.98,1.87,N